iso_code,continent,location,date,total_cases,new_cases,new_cases_smoothed,total_deaths,new_deaths,new_deaths_smoothed,total_cases_per_million,new_cases_per_million,new_cases_smoothed_per_million,total_deaths_per_million,new_deaths_per_million,new_deaths_smoothed_per_million,reproduction_rate,icu_patients,icu_patients_per_million,hosp_patients,hosp_patients_per_million,weekly_icu_admissions,weekly_icu_admissions_per_million,weekly_hosp_admissions,weekly_hosp_admissions_per_million,new_tests,total_tests,total_tests_per_thousand,new_tests_per_thousand,new_tests_smoothed,new_tests_smoothed_per_thousand,positive_rate,tests_per_case,tests_units,total_vaccinations_x,people_vaccinated_x,people_fully_vaccinated_x,total_boosters,new_vaccinations,new_vaccinations_smoothed,total_vaccinations_per_hundred_x,people_vaccinated_per_hundred_x,people_fully_vaccinated_per_hundred_x,total_boosters_per_hundred,new_vaccinations_smoothed_per_million,new_people_vaccinated_smoothed,new_people_vaccinated_smoothed_per_hundred,stringency_index,population,population_density,median_age,aged_65_older,aged_70_older,gdp_per_capita,extreme_poverty,cardiovasc_death_rate,diabetes_prevalence,female_smokers,male_smokers,handwashing_facilities,hospital_beds_per_thousand,life_expectancy,human_development_index,excess_mortality_cumulative_absolute,excess_mortality_cumulative,excess_mortality,excess_mortality_cumulative_per_million,country,total_vaccinations_y,people_vaccinated_y,people_fully_vaccinated_y,daily_vaccinations_raw,daily_vaccinations,total_vaccinations_per_hundred_y,people_vaccinated_per_hundred_y,people_fully_vaccinated_per_hundred_y,daily_vaccinations_per_million,vaccines,source_name,source_website,population_mil,vaccination_rate,max_cases,max_vaccinated,cases_per_hundred,month,year,vaccination_per_hundred,cases_per_vaccination,max_deaths
AUS,Oceania,Australia,2021-11-27,207984.0,1235.0,1363.143,1994.0,4.0,7.143,8065.079,47.89,52.859,77.322,0.155,0.277,1.02,0.0,0.0,0.0,0.0,0.0,0.0,0.0,0.0,0.0,0.0,0.0,0.0,145311.0,5.635,0.0094,106.6,tests performed,39062854.0,19965449.0,18685541.0,411864.0,51559.0,91722.0,151.48,77.42,72.46,1.6,3557.0,26542.0,0.103,72.69,25788217.0,3.202,37.9,15.504,10.129,44648.71,0.5,107.791,5.07,13.0,16.5,0.0,3.84,83.44,0.944,0.0,0.0,0.0,0.0,Australia,39062854.0,19965449.0,18685541.0,51559.0,91722.0,151.48,77.42,72.46,3557.0,"Moderna, Oxford/AstraZeneca, Pfizer/BioNTech",Government of Australia via CovidBaseAU,https://covidbaseau.com/,25.788217,0.7245766933014407,228925.0,19262415.0,0.8877116242662297,11,2021,74.69463670171535,0.011884543033674646,2104.0
AUT,Europe,Austria,2021-11-27,1132805.0,11671.0,12890.571,12349.0,65.0,50.857,125267.719,1290.601,1425.464,1365.576,7.188,5.624,0.9,615.0,68.008,2606.0,288.176,0.0,0.0,0.0,0.0,346928.0,109556932.0,12115.013,38.364,464133.0,51.325,0.0278,36.0,tests performed,13737022.0,6335066.0,5938979.0,1803187.0,101693.0,111898.0,151.91,70.05,65.67,19.94,12374.0,12366.0,0.137,73.15,9043072.0,106.749,44.4,19.202,13.748,45436.686,0.7,145.183,6.35,28.4,30.9,0.0,7.37,81.54,0.922,0.0,0.0,0.0,0.0,Austria,13728238.0,6331222.0,5935503.0,101583.0,111744.0,151.81,70.01,65.64,12357.0,"Johnson&Johnson, Moderna, Oxford/AstraZeneca, Pfizer/BioNTech",Ministry of Health,https://info.gesundheitsministerium.gv.at/data/COVID19_vaccination_doses_timeline.csv,9.043072,0.6563591443261759,1225555.0,6155945.0,13.552418912511147,11,2021,68.07360374881456,0.19908478714478445,13143.0
BHR,Asia,Bahrain,2021-11-27,277552.0,16.0,29.143,1394.0,0.0,0.0,158755.816,9.152,16.669,797.348,0.0,0.0,1.07,0.0,0.0,0.0,0.0,0.0,0.0,0.0,0.0,0.0,0.0,0.0,0.0,16017.0,9.161,0.0018,549.6,units unclear,2899607.0,1187429.0,1157799.0,0.0,5152.0,6881.0,165.85,67.92,66.22,0.0,3936.0,282.0,0.016,32.41,1748295.0,1935.907,32.4,2.372,1.387,43290.705,0.0,151.689,16.52,5.8,37.6,0.0,2.0,77.29,0.852,0.0,0.0,0.0,0.0,Bahrain,2899607.0,1187429.0,1157799.0,5152.0,6881.0,165.85,67.92,66.22,3936.0,"Oxford/AstraZeneca, Pfizer/BioNTech, Sinopharm/Beijing, Sputnik V",Ministry of Health,https://healthalert.gov.bh/en/,1.748295,0.6622446440675057,278037.0,1165232.0,15.903322951790171,11,2021,66.64962148836437,0.23861085174454527,1394.0
BEL,Europe,Belgium,2021-11-27,1701633.0,0.0,17161.857,26840.0,0.0,38.857,146284.744,0.0,1475.358,2307.362,0.0,3.34,1.24,696.0,59.833,3441.0,295.813,0.0,0.0,0.0,0.0,114368.0,24558022.0,2111.186,9.832,118095.0,10.152,0.162,6.2,tests performed,18696819.0,8839810.0,8698129.0,1578734.0,40100.0,71819.0,160.73,75.99,74.78,13.57,6174.0,3645.0,0.031,53.7,11632334.0,375.564,41.8,18.571,12.849,42658.576,0.2,114.898,4.29,25.1,31.4,0.0,5.64,81.63,0.931,0.0,0.0,0.0,0.0,Belgium,18690753.0,8837895.0,8695980.0,39995.0,71621.0,160.68,75.98,74.76,6157.0,"Johnson&Johnson, Moderna, Oxford/AstraZeneca, Pfizer/BioNTech",Sciensano,https://epistat.wiv-isp.be/covid/,11.632334,0.7475696622878951,1929772.0,8731781.0,16.58972309426466,11,2021,75.06473765282188,0.22100554285546098,27504.0
CAN,North America,Canada,2021-11-27,1792561.0,1982.0,2868.143,29681.0,10.0,19.714,47088.502,52.065,75.343,779.686,0.263,0.518,1.08,466.0,12.241,1549.0,40.69,0.0,0.0,0.0,0.0,97219.0,48582806.0,1276.214,2.554,85558.0,2.248,0.0335,29.8,tests performed,60312502.0,30219727.0,28977083.0,1115692.0,66363.0,59600.0,158.43,79.38,76.12,2.93,1566.0,18581.0,0.049,69.91,38067913.0,4.037,41.4,16.984,10.797,44017.591,0.5,105.599,7.37,12.0,16.6,0.0,2.5,82.43,0.929,0.0,0.0,0.0,0.0,Canada,60312502.0,30219727.0,28977083.0,66363.0,59600.0,158.43,79.38,76.12,1566.0,"Moderna, Oxford/AstraZeneca, Pfizer/BioNTech",Official data from provinces via covid19tracker.ca,https://covid19tracker.ca/vaccinationtracker.html,38.067913,0.7611944211388736,1839770.0,29189554.0,4.8328627839409,11,2021,76.67757883128502,0.06302836966950574,29963.0
CYP,Europe,Cyprus,2021-11-27,131951.0,0.0,294.714,591.0,0.0,0.143,147265.919,0.0,328.92,659.595,0.0,0.159,1.38,18.0,20.089,118.0,131.696,0.0,0.0,0.0,0.0,65358.0,16391961.0,18294.497,72.944,67193.0,74.992,0.0044,228.0,tests performed,1310756.0,621701.0,583001.0,106054.0,0.0,6717.0,146.29,69.39,65.07,11.84,7497.0,1037.0,0.116,46.3,896005.0,127.657,37.3,13.416,8.563,32415.132,0.0,141.171,9.24,19.6,52.7,0.0,3.4,80.98,0.887,0.0,0.0,0.0,0.0,Cyprus,1310756.0,621701.0,583001.0,0.0,6717.0,146.29,69.39,65.07,7497.0,"Johnson&Johnson, Moderna, Oxford/AstraZeneca, Pfizer/BioNTech",Ministry of Health,https://www.moh.gov.cy/moh/moh.nsf/All/0EFA027144C9E54AC22586BE0032B2F5,0.896005,0.6506671279736163,140458.0,590288.0,15.67602859359044,11,2021,65.87998950898712,0.2379482557666766,608.0
CZE,Europe,Czechia,2021-11-27,2110274.0,20417.0,18489.286,32744.0,101.0,105.571,196770.346,1903.762,1724.015,3053.181,9.418,9.844,1.19,973.0,90.726,6196.0,577.74,0.0,0.0,0.0,0.0,82330.0,0.0,0.0,7.677,114200.0,10.648,0.16,6.2,tests performed,13377518.0,6629504.0,6344630.0,786433.0,19289.0,47701.0,124.74,61.82,59.16,7.33,4448.0,15822.0,0.148,35.19,10724553.0,137.176,43.3,19.027,11.58,32605.906,0.0,227.485,6.82,30.5,38.3,0.0,6.63,79.38,0.9,0.0,0.0,0.0,0.0,Czechia,13376016.0,6628924.0,6344019.0,19275.0,47671.0,124.72,61.81,59.15,4445.0,"Johnson&Johnson, Moderna, Oxford/AstraZeneca, Pfizer/BioNTech",Ministry of Health,https://onemocneni-aktualne.mzcr.cz/covid-19,10.724553,0.5915415775370778,2325181.0,6476944.0,21.680912948073455,11,2021,60.39360335111403,0.3589935315173329,34377.0
DNK,Europe,Denmark,2021-11-27,474637.0,3744.0,3994.429,2863.0,13.0,8.0,81646.713,644.04,687.119,492.491,2.236,1.376,1.14,50.0,8.601,418.0,71.904,0.0,0.0,0.0,0.0,134987.0,47102831.0,8102.595,23.22,173895.0,29.913,0.0233,42.9,tests performed,0.0,4556682.0,4449083.0,771547.0,0.0,30206.0,0.0,78.38,76.53,13.27,5196.0,2581.0,0.044,44.44,5813302.0,136.52,42.3,19.677,12.325,46682.515,0.2,114.767,6.41,19.3,18.8,0.0,2.5,80.9,0.94,0.0,0.0,0.0,0.0,Denmark,0.0,4557205.0,4449624.0,0.0,30207.0,0.0,78.39,76.54,5196.0,"Johnson&Johnson, Moderna, Pfizer/BioNTech",Statens Serum Institute,https://covid19.ssi.dk/overvagningsdata/download-fil-med-vaccinationsdata,5.813302,0.7654210980265604,548400.0,4486874.0,9.433537084431533,11,2021,77.18288160498113,0.12222317809682197,3005.0
FIN,Europe,Finland,2021-11-27,182284.0,0.0,1065.857,1309.0,0.0,8.571,32853.666,0.0,192.103,235.926,0.0,1.545,1.25,45.0,8.111,322.0,58.035,0.0,0.0,0.0,0.0,13896.0,7936933.0,1430.5,2.505,18511.0,3.336,0.0576,17.4,tests performed,0.0,0.0,0.0,0.0,0.0,16443.0,0.0,0.0,0.0,0.0,2964.0,2126.0,0.038,35.65,5548361.0,18.136,42.8,21.228,13.264,40585.721,0.0,153.507,5.76,18.3,22.6,0.0,3.28,81.91,0.938,0.0,0.0,0.0,0.0,Finland,0.0,0.0,0.0,0.0,16037.0,0.0,0.0,0.0,2890.0,"Moderna, Oxford/AstraZeneca, Pfizer/BioNTech",Finnish Institute for Health and Welfare,https://sampo.thl.fi/pivot/prod/en/vaccreg/cov19cov,5.548361,0.0,201051.0,4059052.0,3.6236106482617116,11,2021,73.15767665442101,0.0495315162259562,1421.0
FRA,Europe,France,2021-11-27,7691217.0,37089.0,27615.0,119850.0,32.0,63.286,113835.599,548.944,408.722,1773.867,0.474,0.937,1.43,1617.0,23.933,9271.0,137.218,0.0,0.0,0.0,0.0,546896.0,0.0,0.0,8.094,551678.0,8.165,0.057,17.5,people tested,104962591.0,52029429.0,47003455.0,6985122.0,289288.0,283127.0,155.35,77.01,69.57,10.34,4190.0,22917.0,0.034,66.67,67564251.0,122.578,42.0,19.718,13.079,38605.671,0.0,86.06,4.77,30.1,35.6,0.0,5.98,82.66,0.901,0.0,0.0,0.0,0.0,France,104928744.0,52001165.0,47005104.0,289001.0,282770.0,155.3,76.97,69.57,4185.0,"Johnson&Johnson, Moderna, Oxford/AstraZeneca, Pfizer/BioNTech",Public Health France,https://www.data.gouv.fr/fr/datasets/donnees-relatives-aux-personnes-vaccinees-contre-la-covid-19-1/,67.564251,0.6957096882491897,8318995.0,47838675.0,12.312716972175123,11,2021,70.80471446357039,0.173896852285311,121368.0
DEU,Europe,Germany,2021-11-27,5780814.0,44977.0,58052.571,100887.0,104.0,260.0,68900.853,536.076,691.922,1202.46,1.24,3.099,1.14,4353.0,51.883,0.0,0.0,0.0,0.0,0.0,0.0,0.0,0.0,0.0,0.0,275805.0,3.287,0.0,0.0,tests performed,122199704.0,59351299.0,57025634.0,9276503.0,565948.0,624873.0,145.65,70.74,67.97,11.06,7448.0,89915.0,0.107,76.39,83900471.0,237.016,46.6,21.453,15.957,45229.245,0.0,156.139,8.31,28.2,33.1,0.0,8.0,81.33,0.947,0.0,0.0,0.0,0.0,Germany,122133153.0,59316604.0,57005565.0,562749.0,623064.0,145.57,70.7,67.94,7426.0,"Johnson&Johnson, Moderna, Oxford/AstraZeneca, Pfizer/BioNTech",Robert Koch Institut,https://impfdashboard.de/,83.900471,0.6794427292309241,6528894.0,57811831.0,7.781713168213323,11,2021,68.90525203368644,0.11293352739511053,105642.0
IRL,Europe,Ireland,2021-11-27,556319.0,4791.0,4505.143,5652.0,0.0,6.143,111645.538,961.488,904.12,1134.278,0.0,1.233,1.04,121.0,24.283,536.0,107.568,0.0,0.0,0.0,0.0,34190.0,8900918.0,1786.291,6.861,31424.0,6.306,0.1434,7.0,tests performed,8195745.0,3858726.0,3793470.0,780124.0,26829.0,31001.0,164.48,77.44,76.13,15.66,6221.0,1394.0,0.028,44.44,4982904.0,69.874,38.7,13.928,8.678,67335.293,0.2,126.459,3.28,23.0,25.7,0.0,2.96,82.3,0.955,0.0,0.0,0.0,0.0,Ireland,8191529.0,3857798.0,3792225.0,26646.0,30818.0,164.39,77.42,76.1,6185.0,"Johnson&Johnson, Moderna, Oxford/AstraZeneca, Pfizer/BioNTech",Heath Service Executive,https://covid19ireland-geohive.hub.arcgis.com/,4.982904,0.7610471724921852,618956.0,3808193.0,12.42159190704858,11,2021,76.42517295135528,0.16253272877713917,5788.0
ISR,Asia,Israel,2021-11-27,1341881.0,340.0,256.714,8184.0,2.0,4.286,144428.049,36.595,27.63,880.852,0.215,0.461,1.08,81.0,8.718,180.0,19.374,0.0,0.0,0.0,0.0,35167.0,32127170.0,3457.881,3.785,80125.0,8.624,0.0032,312.1,tests performed,16157750.0,6309696.0,5776319.0,4071735.0,6159.0,10647.0,173.91,67.91,62.17,43.82,1146.0,5885.0,0.063,53.7,9291000.0,402.606,30.6,11.733,7.359,33132.32,0.5,93.32,6.74,15.4,35.4,0.0,2.99,82.97,0.919,0.0,0.0,0.0,0.0,Israel,16155201.0,6308816.0,5775301.0,6150.0,10631.0,173.88,67.9,62.16,1144.0,"Moderna, Pfizer/BioNTech",Government of Israel,https://datadashboard.health.gov.il/COVID-19/general,9.291,0.6216016575180282,1349741.0,5789005.0,14.527402862985685,11,2021,62.307663330104404,0.23315595685268883,8210.0
ITA,Europe,Italy,2021-11-27,4994891.0,12869.0,11272.857,133627.0,90.0,70.857,82741.432,213.178,186.737,2213.56,1.491,1.174,1.23,624.0,10.337,5450.0,90.28,0.0,0.0,0.0,0.0,596898.0,117823171.0,1951.766,9.888,544363.0,9.017,0.0207,48.3,tests performed,95627732.0,47157438.0,44018264.0,5949013.0,314012.0,281514.0,158.41,78.12,72.92,9.85,4663.0,23280.0,0.039,71.3,60367471.0,205.859,47.9,23.021,16.24,35220.084,2.0,113.151,4.78,19.8,27.8,0.0,3.18,83.51,0.892,0.0,0.0,0.0,0.0,Italy,95620167.0,47155505.0,44015634.0,313796.0,281313.0,158.4,78.11,72.91,4660.0,"Johnson&Johnson, Moderna, Oxford/AstraZeneca, Pfizer/BioNTech",Extraordinary commissioner for the Covid-19 emergency,https://raw.githubusercontent.com/italia/covid19-opendata-vaccini/master/dati/somministrazioni-vaccini-latest.csv,60.367471,0.7291283413214378,5206305.0,44281676.0,8.62435499409939,11,2021,73.35353836505757,0.11757244689654475,134765.0
JPN,Asia,Japan,2021-11-27,1726419.0,120.0,100.571,18354.0,1.0,1.571,13696.217,0.952,0.798,145.608,0.008,0.012,0.79,0.0,0.0,0.0,0.0,0.0,0.0,0.0,0.0,39290.0,26543747.0,210.58,0.312,41075.0,0.326,0.0024,408.4,people tested,0.0,0.0,0.0,0.0,0.0,136380.0,0.0,0.0,0.0,0.0,1082.0,27736.0,0.022,47.22,126050796.0,347.778,48.2,27.049,18.493,39002.223,0.0,79.37,5.72,11.2,33.7,0.0,13.05,84.63,0.919,0.0,0.0,0.0,0.0,Japan,0.0,0.0,0.0,0.0,136380.0,0.0,0.0,0.0,1082.0,"Moderna, Oxford/AstraZeneca, Pfizer/BioNTech",Prime Minister's Office,https://www.kantei.go.jp/jp/headline/kansensho/vaccine.html,126.050796,0.0,1727925.0,97941682.0,1.3708164127737836,11,2021,77.7001693825083,0.0176423864152139,18369.0
KWT,Asia,Kuwait,2021-11-27,413266.0,21.0,20.857,2465.0,0.0,0.143,95474.4,4.852,4.819,569.474,0.0,0.033,1.15,0.0,0.0,0.0,0.0,0.0,0.0,0.0,0.0,0.0,0.0,0.0,0.0,16690.0,3.856,0.0012,800.2,tests performed,0.0,0.0,0.0,0.0,0.0,36209.0,0.0,0.0,0.0,0.0,8365.0,12350.0,0.285,40.74,4328553.0,232.128,33.7,2.345,1.114,65530.537,0.0,132.235,15.84,2.7,37.0,0.0,2.0,75.49,0.806,0.0,0.0,0.0,0.0,Kuwait,0.0,0.0,0.0,0.0,36209.0,0.0,0.0,0.0,8365.0,"Johnson&Johnson, Moderna, Oxford/AstraZeneca, Pfizer/BioNTech, Sinopharm/Beijing",World Health Organization,https://covid19.who.int/,4.328553,0.0,413672.0,3179881.0,9.556819565337424,11,2021,73.46291012262066,0.13009040275406533,2466.0
NLD,Europe,Netherlands,2021-11-27,2618592.0,22071.0,22313.286,19721.0,55.0,45.857,152482.249,1285.208,1299.317,1148.366,3.203,2.67,1.09,555.0,32.318,2069.0,120.479,0.0,0.0,0.0,0.0,90108.0,19943495.0,1161.322,5.247,94697.0,5.514,0.2356,4.2,tests performed,0.0,0.0,0.0,0.0,0.0,21568.0,0.0,0.0,0.0,0.0,1256.0,5021.0,0.029,56.48,17173094.0,508.544,43.2,18.779,11.881,48472.545,0.0,109.361,5.29,24.4,27.3,0.0,3.32,82.28,0.944,0.0,0.0,0.0,0.0,Netherlands,0.0,0.0,0.0,0.0,21568.0,0.0,0.0,0.0,1256.0,"Johnson&Johnson, Moderna, Oxford/AstraZeneca, Pfizer/BioNTech",Government of the Netherlands,https://coronadashboard.government.nl/landelijk/vaccinaties,17.173094,0.0,2905742.0,12772175.0,16.920317328956564,11,2021,74.37317352365275,0.22750565193477226,20530.0
NOR,Europe,Norway,2021-11-27,259200.0,1891.0,2537.0,1050.0,0.0,7.286,47423.636,345.98,464.173,192.11,0.0,1.333,1.27,0.0,0.0,0.0,0.0,0.0,0.0,0.0,0.0,9281.0,8472179.0,1550.083,1.698,16373.0,2.996,0.155,6.5,people tested,8614268.0,4240231.0,3826194.0,547843.0,3694.0,31016.0,157.61,77.58,70.0,10.02,5675.0,1202.0,0.022,23.15,5465629.0,14.462,39.7,16.821,10.813,64800.057,0.2,114.316,5.31,19.6,20.7,0.0,3.6,82.4,0.957,0.0,0.0,0.0,0.0,Norway,8611928.0,4239869.0,3825496.0,3684.0,30888.0,157.57,77.57,69.99,5651.0,"Moderna, Pfizer/BioNTech",Norwegian Institute of Public Health,https://github.com/folkehelseinstituttet/surveillance_data,5.465629,0.6999187101795603,314258.0,3874468.0,5.749713344978226,11,2021,70.8878703622218,0.08110997432421689,1136.0
QAT,Asia,Qatar,2021-11-27,242979.0,155.0,144.286,611.0,0.0,0.0,82913.158,52.892,49.235,208.495,0.0,0.0,1.09,0.0,0.0,0.0,0.0,0.0,0.0,0.0,0.0,0.0,0.0,0.0,0.0,0.0,0.0,0.0,0.0,0,4957916.0,0.0,0.0,0.0,0.0,6636.0,169.18,0.0,0.0,0.0,2264.0,0.0,0.0,55.56,2930524.0,227.322,31.9,1.307,0.617,116935.6,0.0,176.69,16.52,0.8,26.9,0.0,1.2,80.23,0.848,0.0,0.0,0.0,0.0,Qatar,4957916.0,0.0,0.0,0.0,6636.0,169.18,0.0,0.0,2264.0,"Moderna, Pfizer/BioNTech",Ministry of Public Health,https://covid19.moph.gov.qa/EN/Pages/Vaccination-Program-Data.aspx,2.930524,0.0,245188.0,2218292.0,8.366694830003098,11,2021,75.6960871161608,0.11053008350568816,612.0
SAU,Asia,Saudi Arabia,2021-11-27,549671.0,29.0,32.571,8832.0,2.0,1.286,15553.492,0.821,0.922,249.91,0.057,0.036,0.95,0.0,0.0,0.0,0.0,0.0,0.0,0.0,0.0,43595.0,31406162.0,888.669,1.234,46283.0,1.31,0.0007,1421.0,tests performed,47293262.0,24576709.0,22370726.0,0.0,27808.0,40003.0,133.82,69.54,63.3,0.0,1132.0,12089.0,0.034,51.85,35340680.0,15.322,31.9,3.295,1.845,49045.411,0.0,259.538,17.72,1.8,25.4,0.0,2.7,75.13,0.854,0.0,0.0,0.0,0.0,Saudi Arabia,47293262.0,24576709.0,22370726.0,27808.0,40003.0,133.82,69.54,63.3,1132.0,"Oxford/AstraZeneca, Pfizer/BioNTech",Saudi Health Council,https://covid19.moh.gov.sa/,35.34068,0.6330021380460138,550189.0,22771497.0,1.5568149792250743,11,2021,64.43423556083245,0.02416130129696787,8852.0
SGP,Asia,Singapore,2021-11-27,261636.0,1761.0,1588.286,690.0,6.0,5.143,47974.916,322.906,291.236,126.522,1.1,0.943,0.71,0.0,0.0,0.0,0.0,0.0,0.0,0.0,0.0,0.0,0.0,0.0,0.0,0.0,0.0,0.0,0.0,0,0.0,0.0,0.0,0.0,0.0,53.0,0.0,0.0,0.0,0.0,10.0,36.0,0.001,44.44,5453600.0,7915.731,42.4,12.922,7.049,85535.383,0.0,92.243,10.99,5.2,28.3,0.0,2.4,83.62,0.938,0.0,0.0,0.0,0.0,Singapore,0.0,0.0,0.0,0.0,53.0,0.0,0.0,0.0,10.0,"Moderna, Oxford/AstraZeneca, Pfizer/BioNTech, Sinopharm/Beijing",Ministry of Health,https://covid19.who.int/,5.4536,0.0,272992.0,4744632.0,5.005720991638551,11,2021,87.0,0.057537022892397136,789.0
SVK,Europe,Slovakia,2021-11-27,1143068.0,11862.0,11198.286,14228.0,51.0,58.571,209325.28,2172.239,2050.695,2605.514,9.339,10.726,1.09,283.0,51.825,3220.0,589.665,0.0,0.0,0.0,0.0,45457.0,44669307.0,8180.104,8.324,67414.0,12.345,0.165,6.1,tests performed,4985524.0,2637801.0,2347723.0,0.0,8518.0,8048.0,91.3,48.3,42.99,0.0,1474.0,6722.0,0.123,59.26,5460726.0,113.128,41.2,15.07,9.167,30155.152,0.7,287.959,7.29,23.1,37.7,0.0,5.82,77.54,0.86,0.0,0.0,0.0,0.0,Slovakia,4987120.0,2639443.0,2347677.0,8215.0,7948.0,91.33,48.34,42.99,1455.0,"Moderna, Oxford/AstraZeneca, Pfizer/BioNTech, Sputnik V",Ministry of Health,https://github.com/Institut-Zdravotnych-Analyz/covid19-data,5.460726,0.4299203072997986,1280370.0,2365560.0,23.446882337623236,11,2021,43.319514657941085,0.5412545021052098,15304.0
SVN,Europe,Slovenia,2021-11-27,415898.0,2234.0,2494.143,5165.0,23.0,17.286,200073.795,1074.698,1199.844,2484.699,11.064,8.316,0.83,283.0,136.141,1120.0,538.792,0.0,0.0,0.0,0.0,3420.0,1927862.0,927.426,1.645,6003.0,2.888,0.397,2.5,tests performed,2661480.0,1229563.0,1146449.0,285468.0,4242.0,9364.0,128.03,59.15,55.15,13.73,4505.0,1150.0,0.055,59.26,2078723.0,102.619,44.5,19.062,12.93,31400.84,0.0,153.493,7.25,20.1,25.0,0.0,4.5,81.32,0.917,0.0,0.0,0.0,0.0,Slovenia,2661474.0,1229532.0,1146478.0,4242.0,9362.0,128.03,59.15,55.15,4504.0,"Oxford/AstraZeneca, Pfizer/BioNTech",National Institute of Public Health via covid-19.sledilnik.org,https://covid-19.sledilnik.org/en/stats,2.078723,0.5515299537263983,439169.0,1169645.0,21.126864906964517,11,2021,56.26747767740098,0.37547204493671155,5394.0
KOR,Asia,South Korea,2021-11-27,440896.0,3928.0,3638.714,3548.0,56.0,39.143,8593.596,76.561,70.923,69.155,1.092,0.763,1.21,0.0,0.0,0.0,0.0,0.0,0.0,0.0,0.0,0.0,0.0,0.0,0.0,0.0,0.0,0.0,0.0,0,84850353.0,42549207.0,40941381.0,2860569.0,151135.0,242597.0,165.38,82.93,79.8,5.58,4729.0,37797.0,0.074,37.5,51305184.0,527.967,43.4,13.914,8.622,35938.374,0.2,85.998,6.8,6.2,40.9,0.0,12.27,83.03,0.916,0.0,0.0,0.0,0.0,South Korea,84820901.0,42535306.0,40927012.0,151100.0,242488.0,165.33,82.91,79.77,4726.0,"Johnson&Johnson, Moderna, Oxford/AstraZeneca, Pfizer/BioNTech",Korea Centers for Disease Control and Prevention,https://ncv.kdca.go.kr/,51.305184,0.797716893481953,517271.0,41648826.0,1.008223652409082,11,2021,81.17859201128681,0.012419821869648857,4253.0
ESP,Europe,Spain,2021-11-27,5131012.0,0.0,7192.714,87955.0,0.0,20.714,109765.512,0.0,153.871,1881.583,0.0,0.443,1.51,0.0,0.0,0.0,0.0,0.0,0.0,0.0,0.0,0.0,0.0,0.0,0.0,133523.0,2.856,0.0539,18.6,tests performed,0.0,0.0,0.0,0.0,0.0,172035.0,0.0,0.0,0.0,0.0,3680.0,9676.0,0.021,41.2,46745211.0,93.105,45.5,19.436,13.799,34272.36,1.0,99.403,7.17,27.4,31.4,0.0,2.97,83.56,0.904,0.0,0.0,0.0,0.0,Spain,0.0,0.0,0.0,0.0,172035.0,0.0,0.0,0.0,3680.0,"Johnson&Johnson, Moderna, Oxford/AstraZeneca, Pfizer/BioNTech",Ministry of Health,https://www.mscbs.gob.es/profesionales/saludPublica/ccayes/alertasActual/nCov/documentos/Informe_Comunicacion_20211210.ods,46.745211,0.0,5290273.0,37702839.0,11.317251300887271,11,2021,80.65604624182785,0.1403149773416267,88381.0
SWE,Europe,Sweden,2021-11-27,1198848.0,0.0,1444.714,15145.0,0.0,5.0,117995.004,0.0,142.194,1490.626,0.0,0.492,1.51,29.0,2.854,293.0,28.838,0.0,0.0,0.0,0.0,33245.0,0.0,0.0,3.272,31084.0,3.059,0.0465,21.5,tests performed,0.0,0.0,0.0,0.0,0.0,59220.0,0.0,0.0,0.0,0.0,5829.0,6311.0,0.062,19.44,10160159.0,24.718,41.0,19.985,13.433,46949.283,0.5,133.982,4.79,18.8,18.9,0.0,2.22,82.8,0.945,0.0,0.0,0.0,0.0,Sweden,0.0,0.0,0.0,0.0,59220.0,0.0,0.0,0.0,5829.0,"Moderna, Oxford/AstraZeneca, Pfizer/BioNTech",Public Health Agency of Sweden,https://fohm.se/smittskydd-beredskap/utbrott/aktuella-utbrott/covid-19/statistik-och-analyser/statistik-over-registrerade-vaccinationer-covid-19/,10.160159,0.0,1229217.0,7260558.0,12.098403184438354,11,2021,71.46106670181048,0.1693006240016263,15191.0
CHE,Europe,Switzerland,2021-11-27,986834.0,0.0,6516.571,11470.0,0.0,12.571,113227.546,0.0,747.7,1316.047,0.0,1.442,1.42,211.0,24.21,1179.0,135.276,0.0,0.0,0.0,0.0,38785.0,12345980.0,1416.555,4.45,49710.0,5.704,0.16,6.2,tests performed,11835301.0,5854366.0,5702579.0,451767.0,22728.0,40624.0,135.8,67.17,65.43,5.18,4661.0,3265.0,0.037,50.0,8715494.0,214.243,43.1,18.436,12.644,57410.166,0.0,99.739,5.59,22.6,28.9,0.0,4.53,83.78,0.955,0.0,0.0,0.0,0.0,Switzerland,11832673.0,5854057.0,5702121.0,22705.0,40428.0,135.77,67.17,65.43,4639.0,"Moderna, Pfizer/BioNTech",Federal Office of Public Health,https://opendata.swiss/en/dataset/covid-19-schweiz?detGeo=CH,8.715494,0.6542510384379818,1111923.0,5748798.0,12.758003160807638,11,2021,65.96066728977152,0.193418345887262,11748.0
ARE,Asia,United Arab Emirates,2021-11-27,741858.0,68.0,69.714,2145.0,0.0,0.143,74252.011,6.806,6.978,214.691,0.0,0.014,0.93,0.0,0.0,0.0,0.0,0.0,0.0,0.0,0.0,294480.0,100850055.0,10094.006,29.474,282983.0,28.324,0.0002,4059.2,tests performed,21792618.0,9890357.0,8926047.0,2976214.0,15863.0,17991.0,218.12,98.99,89.34,29.79,1801.0,6217.0,0.062,46.3,9991083.0,112.442,34.0,1.144,0.526,67293.483,0.0,317.84,17.26,1.2,37.4,0.0,1.2,77.97,0.89,0.0,0.0,0.0,0.0,United Arab Emirates,21792618.0,9890357.0,8926047.0,15863.0,17991.0,218.12,98.99,89.34,1801.0,"Oxford/AstraZeneca, Pfizer/BioNTech, Sinopharm/Beijing, Sinopharm/Wuhan, Sputnik V",National Emergency Crisis and Disaster Management Authority,https://fcsc.gov.ae/en-us/Pages/Covid19/UAE-Covid-19-Updates.aspx,9.991083,0.8934013459802106,742719.0,9010183.0,7.43381873616704,11,2021,90.18224550831977,0.08243106716034514,2151.0
GBR,Europe,United Kingdom,2021-11-27,10165779.0,39834.0,44017.286,145167.0,131.0,122.714,149042.796,584.015,645.347,2128.326,1.921,1.799,1.03,911.0,13.356,7407.0,108.596,0.0,0.0,0.0,0.0,709394.0,325997103.0,4779.518,10.401,951815.0,13.955,0.0462,21.6,tests performed,114842975.0,50919834.0,46311612.0,17611529.0,521785.0,404886.0,168.37,74.65,67.9,25.82,5936.0,22683.0,0.033,46.76,68207114.0,272.898,40.8,18.517,12.527,39753.244,0.2,122.137,4.28,20.0,24.7,0.0,2.54,81.32,0.932,0.0,0.0,0.0,0.0,United Kingdom,114842975.0,50919834.0,46311612.0,521785.0,404886.0,168.37,74.65,67.9,5936.0,"Moderna, Oxford/AstraZeneca, Pfizer/BioNTech",Government of the United Kingdom,https://coronavirus.data.gov.uk/details/vaccinations,68.207114,0.6789850689181777,10833033.0,46705196.0,15.882555887058937,11,2021,68.47554933932551,0.23194492107473438,146844.0
USA,North America,United States,2021-11-27,48204567.0,24738.0,71690.857,777025.0,208.0,749.714,144795.387,74.307,215.343,2334.004,0.625,2.252,1.05,12954.0,38.911,49366.0,148.284,0.0,0.0,0.0,0.0,892816.0,665390728.0,1998.68,2.682,1073945.0,3.226,0.0668,15.0,tests performed,464597344.0,234640088.0,196475137.0,42340692.0,845239.0,1050982.0,139.94,70.67,59.18,12.75,3166.0,302839.0,0.091,50.46,332915074.0,35.608,38.3,15.413,9.732,54225.446,1.2,151.089,10.79,19.1,24.6,0.0,2.77,78.86,0.926,0.0,0.0,0.0,0.0,United States,464410018.0,234572745.0,196432768.0,840930.0,1047270.0,139.88,70.65,59.16,3154.0,"Johnson&Johnson, Moderna, Pfizer/BioNTech",Centers for Disease Control and Prevention,https://data.cdc.gov/Vaccinations/COVID-19-Vaccination-Trends-in-the-United-States-N/rh2h-3yt2,332.915074,0.5900386715442029,49884847.0,200145430.0,14.98425601479373,11,2021,60.11906508024325,0.2492429979540377,797179.0
